{"cameraMode":{"drawMode":0,"name":"Shaded","section":"Shading Mode"},"sceneLighting":false,"audioPlay":false,"sceneViewState":{"showFog":true,"showMaterialUpdate":false,"showSkybox":false,"showFlares":true,"showImageEffects":true,"showParticleSystems":true},"in2DMode":false,"pivot":{"x":30.492145538330079,"y":0.8995981216430664,"z":19.74372100830078},"rotation":{"x":0.021855546161532403,"y":0.6922112107276917,"z":-0.7210630178451538,"w":0.020981397479772569},"size":4.18609619140625,"orthographic":false}